bulan,nasional_ribu,jabodetabek_ribu,non_jabodetabek_ribu,jawa_ribu,sumatera_ribu,bandara_ribu,mrt_ribu,lrt_ribu,cepat_ribu
2006-01,11828,8681,2823,11504,324,,,,
2006-02,11931,8144,3561,11705,226,,,,
2006-03,13314,8920,4146,13066,248,,,,
2006-04,12909,8462,4195,12657,252,,,,
2006-05,13575,8899,4413,13312,263,,,,
2006-06,13203,8606,4323,12929,274,,,,
2006-07,14433,8787,5300,14087,346,,,,
2006-08,13255,8661,4330,12991,264,,,,
2006-09,13436,8829,4354,13183,253,,,,
2006-10,14290,8767,5182,13949,341,,,,
2006-11,13631,8895,4474,13369,262,,,,
2006-12,13614,8774,4570,13344,270,,,,
2007-01,13960,8723,4924,13647,313,,,,
2007-02,10969,7566,3193,10759,210,,,,
2007-03,13409,9009,4158,13167,242,,,,
2007-04,14415,10206,3983,14189,226,,,,
2007-05,15232,10608,4331,14939,293,,,,
2007-06,15104,10310,4510,14820,284,,,,
2007-07,16454,10761,5331,16092,362,,,,
2007-08,15419,10653,4491,15144,275,,,,
2007-09,15033,10446,4346,14792,241,,,,
2007-10,15866,9887,5578,15465,401,,,,
2007-11,14391,10031,4110,14141,250,,,,
2007-12,15084,9895,4871,14766,318,,,,
2008-01,15027,9868,4829,14697,330,,,,
2008-02,14378,9673,4443,14116,262,,,,
2008-03,16071,10469,5287,15756,315,,,,
2008-04,15711,10562,4873,15435,276,,,,
2008-05,16363,10582,5472,16054,309,,,,
2008-06,17010,10824,5812,16636,374,,,,
2008-07,17888,11206,6257,17463,425,,,,
2008-08,17108,11129,5641,16769,339,,,,
2008-09,15879,10481,5123,15604,275,,,,
2008-10,17337,10379,6522,16901,436,,,,
2008-11,15973,10583,5113,15696,277,,,,
2008-12,15332,9695,5316,15011,321,,,,
2009-01,14494,10686,3560,14246,248,,,,
2009-02,13869,9984,3609,13593,276,,,,
2009-03,17132,11185,5641,16826,306,,,,
2009-04,16775,10908,5550,16458,317,,,,
2009-05,17824,11448,6019,17467,357,,,,
2009-06,18143,11384,6362,17746,397,,,,
2009-07,18385,11348,6611,17959,426,,,,
2009-08,17527,10905,6299,17204,323,,,,
2009-09,17281,10243,6597,16840,441,,,,
2009-10,17751,11087,6351,17438,313,,,,
2009-11,16778,10592,5842,16434,344,,,,
2009-12,17581,10738,6472,17210,371,,,,
2010-01,17423,10541,6498,17039,384,,,,
2010-02,15207,9641,5239,14880,327,,,,
2010-03,16992,10759,5858,16617,375,,,,
2010-04,16832,10394,5762,16156,676,,,,
2010-05,16988,10476,6089,16565,423,,,,
2010-06,17259,10312,6496,16808,451,,,,
2010-07,17680,10466,6715,17181,499,,,,
2010-08,16477,10438,5702,16140,337,,,,
2010-09,17301,9685,7028,16713,588,,,,
2010-10,16908,10796,5746,16542,366,,,,
2010-11,16469,10106,5982,16088,381,,,,
2010-12,17733,10694,6605,17299,434,,,,
2011-01,16891,10354,6092,16446,445,,,,
2011-02,14890,9270,5249,14519,371,,,,
2011-03,16978,10733,5851,16584,394,,,,
2011-04,16441,10188,5843,16031,410,,,,
2011-05,17522,10513,6505,17018,504,,,,
2011-06,17265,10147,6659,16806,459,,,,
2011-07,18132,10749,6883,17632,500,,,,
2011-08,14846,9678,4814,14492,354,,,,
2011-09,16921,9692,6661,16353,568,,,,
2011-10,16461,10152,5910,16062,399,,,,
2011-11,16179,9852,5913,15765,414,,,,
2011-12,16811,9777,6556,16333,478,,,,
2012-01,16283,9779,6022,15801,482,,,,
2012-02,15490,9840,5286,15126,364,,,,
2012-03,17090,11285,5416,16701,389,,,,
2012-04,16746,11271,5105,16376,370,,,,
2012-05,17771,11872,5529,17401,370,,,,
2012-06,18062,12034,5653,17687,375,,,,
2012-07,18309,12391,5565,17956,353,,,,
2012-08,17056,11471,5204,16675,381,,,,
2012-09,16368,11556,4507,16063,305,,,,
2012-10,17127,11501,5327,16828,299,,,,
2012-11,15773,10650,4786,15436,337,,,,
2012-12,16104,10438,5307,15745,359,,,,
2013-01,14900,10089,4484,14573,327,,,,
2013-02,14594,10281,4034,14315,279,,,,
2013-03,15826,11240,4281,15521,305,,,,
2013-04,16000,11529,4195,15724,276,,,,
2013-05,16113,11767,4028,15795,318,,,,
2013-06,17301,11817,5115,16932,369,,,,
2013-07,20245,15407,4510,19917,328,,,,
2013-08,19423,14321,4710,19031,392,,,,
2013-09,19738,15113,4326,19439,299,,,,
2013-10,20534,15531,4667,20198,336,,,,
2013-11,19919,15487,4091,19578,341,,,,
2013-12,21417,15901,5091,20992,425,,,,
2014-01,21092,15176,5522,20698,394,,,,
2014-02,19998,14856,4772,19628,370,,,,
2014-03,22836,17471,4956,22427,409,,,,
2014-04,21908,16671,4831,21502,406,,,,
2014-05,22988,16781,5766,22547,441,,,,
2014-06,23840,17848,5567,23415,425,,,,
2014-07,22500,16585,5540,22125,375,,,,
2014-08,23199,17091,5672,22763,436,,,,
2014-09,23593,18253,4966,23219,374,,,,
2014-10,24923,19079,5424,24503,420,,,,
2014-11,24356,18605,5381,23986,370,,,,
2014-12,26275,20080,5711,25791,484,,,,
2015-01,24676,19244,5010,24254,422,,,,
2015-02,22790,17640,4754,22394,396,,,,
2015-03,27267,21290,5551,26841,426,,,,
2015-04,26565,21171,4979,26150,415,,,,
2015-05,27910,22177,5273,27450,460,,,,
2015-06,27562,22207,4911,27118,444,,,,
2015-07,27612,21171,5906,27077,535,,,,
2015-08,27796,22295,5056,27351,445,,,,
2015-09,27549,22021,5104,27125,424,,,,
2015-10,28718,22964,5316,28280,438,,,,
2015-11,27669,22355,4898,27253,416,,,,
2015-12,29831,22996,6332,29328,503,,,,
2016-01,28358,22238,5648,27886,472,,,,
2016-02,26511,21229,4829,26058,453,,,,
2016-03,28617,23206,4950,28156,461,,,,
2016-04,28434,23149,4851,28000,434,,,,
2016-05,30703,24401,5775,30176,527,,,,
2016-06,29159,23821,4909,28730,429,,,,
2016-07,28831,21574,6642,28216,615,,,,
2016-08,29588,23923,5202,29125,463,,,,
2016-09,29515,23570,5448,29018,497,,,,
2016-10,30263,24533,5232,29765,498,,,,
2016-11,29690,24104,5074,29178,512,,,,
2016-12,32150,24841,6689,31530,620,,,,
2017-01,30949,24185,6174,30359,590,,,,
2017-02,27343,21743,5095,26838,505,,,,
2017-03,32170,25775,5837,31612,558,,,,
2017-04,31502,25411,5523,30934,568,,,,
2017-05,33745,27385,5772,33157,588,,,,
2017-06,30723,24432,5749,30181,542,,,,
2017-07,34310,27016,6653,33669,641,,,,
2017-08,33791,27679,5576,33255,536,,,,
2017-09,32498,26158,5763,31921,577,,,,
2017-10,35070,28765,5733,34498,572,,,,
2017-11,34361,28246,5552,33798,563,,,,
2017-12,36807,29059,7081,36140,667,,,,
2018-01,34717,28075,6032,34107,610,,,,
2018-02,31278,25362,5359,30721,557,,,,
2018-03,35875,29223,6049,35272,603,,,,
2018-04,35754,28942,6193,35135,619,,,,
2018-05,35482,28995,5882,34877,605,,,,
2018-06,33030,24833,7437,32270,760,,,,
2018-07,36800,29086,7003,36089,711,,,,
2018-08,35190,28098,6462,34560,630,,,,
2018-09,34504,27618,6260,33878,626,,,,
2018-10,36236,29317,6285,35602,634,,,,
2018-11,35298,28049,6588,34637,661,,,,
2018-12,37965,29201,7996,37197,768,,,,
2019-01,35122,27768,6667,34435,687,,,,
2019-02,31899,25305,5977,31282,617,,,,
2019-03,35751,28366,6702,35068,683,,,,
2019-04,35809,28062,7044,35106,703,,,,
2019-05,35102,28369,6145,34514,588,,,,
2019-06,35090,25816,8445,34261,829,,,,
2019-07,39035,29714,8589,38303,732,,,,
2019-08,35189,27651,6891,34542,647,,,,
2019-09,35221,28293,6322,34615,606,,,,
2019-10,36448,29278,6536,35814,634,,,,
2019-11,35877,28563,6665,35228,649,,,,
2019-12,37463,28860,7850,36710,753,,,,
2020-01,34131,26733,6740,33473,658,,,,
2020-02,32283,25616,6063,31679,604,,,,
2020-03,23425,18548,4401,22949,476,,,,
2020-04,5899,5138,676,5814,85,,,,
2020-05,5484,5077,399,5476,8,,,,
2020-06,9290,8591,681,9272,18,,,,
2020-07,12238,11116,1089,12205,33,,,,
2020-08,12774,11014,1665,12679,95,,,,
2020-09,11429,9678,1617,11295,134,,,,
2020-10,11937,10128,1640,11768,169,,,,
2020-11,13722,11622,1901,13523,199,,,,
2020-12,13516,11330,1933,13263,253,,,,
2021-01,11901,10149,1482,11631,270,,,,
2021-02,11479,9796,1427,11223,256,,,,
2021-03,14284,12041,1954,13995,289,,,,
2021-04,14864,12452,2138,14590,274,,,,
2021-05,14857,12230,2397,14627,230,,,,
2021-06,14556,11978,2335,14313,243,,,,
2021-07,5747,5102,544,5646,101,,,,
2021-08,6515,5947,532,6479,36,,,,
2021-09,9566,8693,817,9510,56,,,,
2021-10,13250,11347,1792,13139,111,,,,
2021-11,15317,12792,2369,15161,156,,,,
2021-12,17427,14213,2994,17207,220,,,,
2022-01,17798,14484,3015,17499,238,,,,
2022-02,13103,10499,2358,12857,210,,,,
2022-03,19505,15735,3398,19133,305,,,,
2022-04,19868,15890,3546,19436,277,,,,
2022-05,23811,17075,6039,23114,480,,,,
2022-06,23811,18326,4834,23160,452,,,,
2022-07,25964,19467,5805,25272,469,,,,
2022-08,24520,19388,4532,23920,368,,,,
2022-09,25809,20587,4580,25167,400,,,,
2022-10,27879,21807,5336,27143,467,,,,
2022-11,27201,21589,4884,26473,451,,,,
2022-12,30153,23118,6127,29245,579,,,,
2023-01,29349,22717,5718,28435,582,,,,
2023-02,26572,20811,4933,25744,515,,,,
2023-03,30169,23856,5393,29249,571,,,,
2023-04,28705,21402,6329,27731,594,,,,
2023-05,30972,23716,6170,29886,648,,,,
2023-06,30655,23292,6287,29579,658,,,,
2023-07,33403,25211,7161,32372,576,,,,
2023-08,31757,24979,5763,30742,581,,,,
2023-09,32132,25082,5985,31067,451,,,,
2023-10,34208,26793,6315,33108,480,,,,
2023-11,33549,26171,6253,32424,486,,,,
2023-12,35757,26861,7639,34500,559,,,,
2024-01,39860,26848,6742,33590,512,618,3134,1618,388
2024-02,37166,24617,6780,31397,496,603,2595,1646,429
2024-03,38335,26012,6265,32277,456,578,2876,1762,386
2024-04,40458,25543,8698,34241,585,704,2608,1911,410
2024-05,41702,27057,7608,34665,539,650,3176,2154,520
2024-06,41888,26739,7785,34524,520,655,3475,2178,536
2024-07,45603,29241,8182,37422,533,711,3784,2536,618
2024-08,43230,28209,7083,35292,491,660,3739,2494,554
2024-09,42481,27608,7184,34792,494,698,3556,2412,529
2024-10,45499,29933,7300,37233,519,675,3861,2695,516
2024-11,42590,27522,7327,34849,519,651,3515,2511,547
2024-12,45829,28825,8712,37537,599,775,3591,2703,624
2025-01,43357,,,,,,,,
2025-02,42034,,,,,,,,
2025-03,40879,,,,,,,,
2025-04,44848,,,,,,,,
2025-05,45084,,,,,,,,
2025-06,45614,,,,,,,,
2025-07,50105,,,,,,,,
2025-08,45583,,,,,,,,
2025-09,45023,,,,,,,,
2025-10,49328,,,,,,,,
2025-11,47358,,,,,,,,
2025-12,50686,,,,,,,,
2026-01,48101,,,,,,,,
2026-02,43268,,,,,,,,
2026-03,48137,,,,,,,,
2026-04,48280,,,,,,,,
2026-05,46963,,,,,,,,
