bulan,nasional_ribu,jabodetabek_ribu,non_jabodetabek_ribu,jawa_ribu,sumatera_ribu
2006-01-01,11828,8681.0,2823.0,11504.0,324.0
2006-02-01,11931,8144.0,3561.0,11705.0,226.0
2006-03-01,13314,8920.0,4146.0,13066.0,248.0
2006-04-01,12909,8462.0,4195.0,12657.0,252.0
2006-05-01,13575,8899.0,4413.0,13312.0,263.0
2006-06-01,13203,8606.0,4323.0,12929.0,274.0
2006-07-01,14433,8787.0,5300.0,14087.0,346.0
2006-08-01,13255,8661.0,4330.0,12991.0,264.0
2006-09-01,13436,8829.0,4354.0,13183.0,253.0
2006-10-01,14290,8767.0,5182.0,13949.0,341.0
2006-11-01,13631,8895.0,4474.0,13369.0,262.0
2006-12-01,13614,8774.0,4570.0,13344.0,270.0
2007-01-01,13960,8723.0,4924.0,13647.0,313.0
2007-02-01,10969,7566.0,3193.0,10759.0,210.0
2007-03-01,13409,9009.0,4158.0,13167.0,242.0
2007-04-01,14415,10206.0,3983.0,14189.0,226.0
2007-05-01,15232,10608.0,4331.0,14939.0,293.0
2007-06-01,15104,10310.0,4510.0,14820.0,284.0
2007-07-01,16454,10761.0,5331.0,16092.0,362.0
2007-08-01,15419,10653.0,4491.0,15144.0,275.0
2007-09-01,15033,10446.0,4346.0,14792.0,241.0
2007-10-01,15866,9887.0,5578.0,15465.0,401.0
2007-11-01,14391,10031.0,4110.0,14141.0,250.0
2007-12-01,15084,9895.0,4871.0,14766.0,318.0
2008-01-01,15027,9868.0,4829.0,14697.0,330.0
2008-02-01,14378,9673.0,4443.0,14116.0,262.0
2008-03-01,16071,10469.0,5287.0,15756.0,315.0
2008-04-01,15711,10562.0,4873.0,15435.0,276.0
2008-05-01,16363,10582.0,5472.0,16054.0,309.0
2008-06-01,17010,10824.0,5812.0,16636.0,374.0
2008-07-01,17888,11206.0,6257.0,17463.0,425.0
2008-08-01,17108,11129.0,5641.0,16769.0,339.0
2008-09-01,15879,10481.0,5123.0,15604.0,275.0
2008-10-01,17337,10379.0,6522.0,16901.0,436.0
2008-11-01,15973,10583.0,5113.0,15696.0,277.0
2008-12-01,15332,9695.0,5316.0,15011.0,321.0
2009-01-01,14494,10686.0,3560.0,14246.0,248.0
2009-02-01,13869,9984.0,3609.0,13593.0,276.0
2009-03-01,17132,11185.0,5641.0,16826.0,306.0
2009-04-01,16775,10908.0,5550.0,16458.0,317.0
2009-05-01,17824,11448.0,6019.0,17467.0,357.0
2009-06-01,18143,11384.0,6362.0,17746.0,397.0
2009-07-01,18385,11348.0,6611.0,17959.0,426.0
2009-08-01,17527,10905.0,6299.0,17204.0,323.0
2009-09-01,17281,10243.0,6597.0,16840.0,441.0
2009-10-01,17751,11087.0,6351.0,17438.0,313.0
2009-11-01,16778,10592.0,5842.0,16434.0,344.0
2009-12-01,17581,10738.0,6472.0,17210.0,371.0
2010-01-01,17423,10541.0,6498.0,17039.0,384.0
2010-02-01,15207,9641.0,5239.0,14880.0,327.0
2010-03-01,16992,10759.0,5858.0,16617.0,375.0
2010-04-01,16832,10394.0,5762.0,16156.0,676.0
2010-05-01,16988,10476.0,6089.0,16565.0,423.0
2010-06-01,17259,10312.0,6496.0,16808.0,451.0
2010-07-01,17680,10466.0,6715.0,17181.0,499.0
2010-08-01,16477,10438.0,5702.0,16140.0,337.0
2010-09-01,17301,9685.0,7028.0,16713.0,588.0
2010-10-01,16908,10796.0,5746.0,16542.0,366.0
2010-11-01,16469,10106.0,5982.0,16088.0,381.0
2010-12-01,17733,10694.0,6605.0,17299.0,434.0
2011-01-01,16891,10354.0,6092.0,16446.0,445.0
2011-02-01,14890,9270.0,5249.0,14519.0,371.0
2011-03-01,16978,10733.0,5851.0,16584.0,394.0
2011-04-01,16441,10188.0,5843.0,16031.0,410.0
2011-05-01,17522,10513.0,6505.0,17018.0,504.0
2011-06-01,17265,10147.0,6659.0,16806.0,459.0
2011-07-01,18132,10749.0,6883.0,17632.0,500.0
2011-08-01,14846,9678.0,4814.0,14492.0,354.0
2011-09-01,16921,9692.0,6661.0,16353.0,568.0
2011-10-01,16461,10152.0,5910.0,16062.0,399.0
2011-11-01,16179,9852.0,5913.0,15765.0,414.0
2011-12-01,16811,9777.0,6556.0,16333.0,478.0
2012-01-01,16283,9779.0,6022.0,15801.0,482.0
2012-02-01,15490,9840.0,5286.0,15126.0,364.0
2012-03-01,17090,11285.0,5416.0,16701.0,389.0
2012-04-01,16746,11271.0,5105.0,16376.0,370.0
2012-05-01,17771,11872.0,5529.0,17401.0,370.0
2012-06-01,18062,12034.0,5653.0,17687.0,375.0
2012-07-01,18309,12391.0,5565.0,17956.0,353.0
2012-08-01,17056,11471.0,5204.0,16675.0,381.0
2012-09-01,16368,11556.0,4507.0,16063.0,305.0
2012-10-01,17127,11501.0,5327.0,16828.0,299.0
2012-11-01,15773,10650.0,4786.0,15436.0,337.0
2012-12-01,16104,10438.0,5307.0,15745.0,359.0
2013-01-01,14900,10089.0,4484.0,14573.0,327.0
2013-02-01,14594,10281.0,4034.0,14315.0,279.0
2013-03-01,15826,11240.0,4281.0,15521.0,305.0
2013-04-01,16000,11529.0,4195.0,15724.0,276.0
2013-05-01,16113,11767.0,4028.0,15795.0,318.0
2013-06-01,17301,11817.0,5115.0,16932.0,369.0
2013-07-01,20245,15407.0,4510.0,19917.0,328.0
2013-08-01,19423,14321.0,4710.0,19031.0,392.0
2013-09-01,19738,15113.0,4326.0,19439.0,299.0
2013-10-01,20534,15531.0,4667.0,20198.0,336.0
2013-11-01,19919,15487.0,4091.0,19578.0,341.0
2013-12-01,21417,15901.0,5091.0,20992.0,425.0
2014-01-01,21092,15176.0,5522.0,20698.0,394.0
2014-02-01,19998,14856.0,4772.0,19628.0,370.0
2014-03-01,22836,17471.0,4956.0,22427.0,409.0
2014-04-01,21908,16671.0,4831.0,21502.0,406.0
2014-05-01,22988,16781.0,5766.0,22547.0,441.0
2014-06-01,23840,17848.0,5567.0,23415.0,425.0
2014-07-01,22500,16585.0,5540.0,22125.0,375.0
2014-08-01,23199,17091.0,5672.0,22763.0,436.0
2014-09-01,23593,18253.0,4966.0,23219.0,374.0
2014-10-01,24923,19079.0,5424.0,24503.0,420.0
2014-11-01,24356,18605.0,5381.0,23986.0,370.0
2014-12-01,26275,20080.0,5711.0,25791.0,484.0
2015-01-01,24676,19244.0,5010.0,24254.0,422.0
2015-02-01,22790,17640.0,4754.0,22394.0,396.0
2015-03-01,27267,21290.0,5551.0,26841.0,426.0
2015-04-01,26565,21171.0,4979.0,26150.0,415.0
2015-05-01,27910,22177.0,5273.0,27450.0,460.0
2015-06-01,27562,22207.0,4911.0,27118.0,444.0
2015-07-01,27612,21171.0,5906.0,27077.0,535.0
2015-08-01,27796,22295.0,5056.0,27351.0,445.0
2015-09-01,27549,22021.0,5104.0,27125.0,424.0
2015-10-01,28718,22964.0,5316.0,28280.0,438.0
2015-11-01,27669,22355.0,4898.0,27253.0,416.0
2015-12-01,29831,22996.0,6332.0,29328.0,503.0
2016-01-01,28358,22238.0,5648.0,27886.0,472.0
2016-02-01,26511,21229.0,4829.0,26058.0,453.0
2016-03-01,28617,23206.0,4950.0,28156.0,461.0
2016-04-01,28434,23149.0,4851.0,28000.0,434.0
2016-05-01,30703,24401.0,5775.0,30176.0,527.0
2016-06-01,29159,23821.0,4909.0,28730.0,429.0
2016-07-01,28831,21574.0,6642.0,28216.0,615.0
2016-08-01,29588,23923.0,5202.0,29125.0,463.0
2016-09-01,29515,23570.0,5448.0,29018.0,497.0
2016-10-01,30263,24533.0,5232.0,29765.0,498.0
2016-11-01,29690,24104.0,5074.0,29178.0,512.0
2016-12-01,32150,24841.0,6689.0,31530.0,620.0
2017-01-01,30949,24185.0,6174.0,30359.0,590.0
2017-02-01,27343,21743.0,5095.0,26838.0,505.0
2017-03-01,32170,25775.0,5837.0,31612.0,558.0
2017-04-01,31502,25411.0,5523.0,30934.0,568.0
2017-05-01,33745,27385.0,5772.0,33157.0,588.0
2017-06-01,30723,24432.0,5749.0,30181.0,542.0
2017-07-01,34310,27016.0,6653.0,33669.0,641.0
2017-08-01,33791,27679.0,5576.0,33255.0,536.0
2017-09-01,32498,26158.0,5763.0,31921.0,577.0
2017-10-01,35070,28765.0,5733.0,34498.0,572.0
2017-11-01,34361,28246.0,5552.0,33798.0,563.0
2017-12-01,36807,29059.0,7081.0,36140.0,667.0
2018-01-01,34717,28075.0,6032.0,34107.0,610.0
2018-02-01,31278,25362.0,5359.0,30721.0,557.0
2018-03-01,35875,29223.0,6049.0,35272.0,603.0
2018-04-01,35754,28942.0,6193.0,35135.0,619.0
2018-05-01,35482,28995.0,5882.0,34877.0,605.0
2018-06-01,33030,24833.0,7437.0,32270.0,760.0
2018-07-01,36800,29086.0,7003.0,36089.0,711.0
2018-08-01,35190,28098.0,6462.0,34560.0,630.0
2018-09-01,34504,27618.0,6260.0,33878.0,626.0
2018-10-01,36236,29317.0,6285.0,35602.0,634.0
2018-11-01,35298,28049.0,6588.0,34637.0,661.0
2018-12-01,37965,29201.0,7996.0,37197.0,768.0
2019-01-01,35122,27768.0,6667.0,34435.0,687.0
2019-02-01,31899,25305.0,5977.0,31282.0,617.0
2019-03-01,35751,28366.0,6702.0,35068.0,683.0
2019-04-01,35809,28062.0,7044.0,35106.0,703.0
2019-05-01,35102,28369.0,6145.0,34514.0,588.0
2019-06-01,35090,25816.0,8445.0,34261.0,829.0
2019-07-01,39035,29714.0,8589.0,38303.0,732.0
2019-08-01,35189,27651.0,6891.0,34542.0,647.0
2019-09-01,35221,28293.0,6322.0,34615.0,606.0
2019-10-01,36448,29278.0,6536.0,35814.0,634.0
2019-11-01,35877,28563.0,6665.0,35228.0,649.0
2019-12-01,37463,28860.0,7850.0,36710.0,753.0
2020-01-01,34131,26733.0,6740.0,33473.0,658.0
2020-02-01,32283,25616.0,6063.0,31679.0,604.0
2020-03-01,23425,18548.0,4401.0,22949.0,476.0
2020-04-01,5899,5138.0,676.0,5814.0,85.0
2020-05-01,5484,5077.0,399.0,5476.0,8.0
2020-06-01,9290,8591.0,681.0,9272.0,18.0
2020-07-01,12238,11116.0,1089.0,12205.0,33.0
2020-08-01,12774,11014.0,1665.0,12679.0,95.0
2020-09-01,11429,9678.0,1617.0,11295.0,134.0
2020-10-01,11937,10128.0,1640.0,11768.0,169.0
2020-11-01,13722,11622.0,1901.0,13523.0,199.0
2020-12-01,13516,11330.0,1933.0,13263.0,253.0
2021-01-01,11901,10149.0,1482.0,11631.0,270.0
2021-02-01,11479,9796.0,1427.0,11223.0,256.0
2021-03-01,14284,12041.0,1954.0,13995.0,289.0
2021-04-01,14864,12452.0,2138.0,14590.0,274.0
2021-05-01,14857,12230.0,2397.0,14627.0,230.0
2021-06-01,14556,11978.0,2335.0,14313.0,243.0
2021-07-01,5747,5102.0,544.0,5646.0,101.0
2021-08-01,6515,5947.0,532.0,6479.0,36.0
2021-09-01,9566,8693.0,817.0,9510.0,56.0
2021-10-01,13250,11347.0,1792.0,13139.0,111.0
2021-11-01,15317,12792.0,2369.0,15161.0,156.0
2021-12-01,17427,14213.0,2994.0,17207.0,220.0
2022-01-01,17798,14484.0,3015.0,17499.0,238.0
2022-02-01,13103,10499.0,2358.0,12857.0,210.0
2022-03-01,19505,15735.0,3398.0,19133.0,305.0
2022-04-01,19868,15890.0,3546.0,19436.0,277.0
2022-05-01,23811,17075.0,6039.0,23114.0,480.0
2022-06-01,23811,18326.0,4834.0,23160.0,452.0
2022-07-01,25964,19467.0,5805.0,25272.0,469.0
2022-08-01,24520,19388.0,4532.0,23920.0,368.0
2022-09-01,25809,20587.0,4580.0,25167.0,400.0
2022-10-01,27879,21807.0,5336.0,27143.0,467.0
2022-11-01,27201,21589.0,4884.0,26473.0,451.0
2022-12-01,30153,23118.0,6127.0,29245.0,579.0
2023-01-01,29349,22717.0,5718.0,28435.0,582.0
2023-02-01,26572,20811.0,4933.0,25744.0,515.0
2023-03-01,30169,23856.0,5393.0,29249.0,571.0
2023-04-01,28705,21402.0,6329.0,27731.0,594.0
2023-05-01,30972,23716.0,6170.0,29886.0,648.0
2023-06-01,30655,23292.0,6287.0,29579.0,658.0
2023-07-01,33403,25211.0,7161.0,32372.0,576.0
2023-08-01,31757,24979.0,5763.0,30742.0,581.0
2023-09-01,32132,25082.0,5985.0,31067.0,451.0
2023-10-01,34208,26793.0,6315.0,33108.0,480.0
2023-11-01,33549,26171.0,6253.0,32424.0,486.0
2023-12-01,35757,26861.0,7639.0,34500.0,559.0
2024-01-01,39860,26848.0,6742.0,33590.0,512.0
2024-02-01,37166,24617.0,6780.0,31397.0,496.0
2024-03-01,38335,26012.0,6265.0,32277.0,456.0
2024-04-01,40458,25543.0,8698.0,34241.0,585.0
2024-05-01,41702,27057.0,7608.0,34665.0,539.0
2024-06-01,41888,26739.0,7785.0,34524.0,520.0
2024-07-01,45603,29241.0,8182.0,37422.0,533.0
2024-08-01,43230,28209.0,7083.0,35292.0,491.0
2024-09-01,42481,27608.0,7184.0,34792.0,494.0
2024-10-01,45499,29933.0,7300.0,37233.0,519.0
2024-11-01,42590,27522.0,7327.0,34849.0,519.0
2024-12-01,45829,28825.0,8712.0,37537.0,599.0
2025-01-01,43357,,,,
2025-02-01,42034,,,,
2025-03-01,40879,,,,
2025-04-01,44848,,,,
2025-05-01,45084,,,,
2025-06-01,45614,,,,
2025-07-01,50105,,,,
2025-08-01,45583,,,,
2025-09-01,45023,,,,
2025-10-01,49328,,,,
2025-11-01,47358,,,,
2025-12-01,50686,,,,
2026-01-01,48101,,,,
2026-02-01,43268,,,,
2026-03-01,48137,,,,
2026-04-01,48280,,,,
2026-05-01,46963,,,,
